64379,,Havalon Stag Knife Orange,,,
64378,,Havalon Stag Knife Black,,,
64321,,Black Eagle Executioner Bolts .001 18 in. 6 pk.,,,
64327,,Black Eagle Executioner Bolts .003 20 in. 6 pk.,,,
64326,,Black Eagle Executioner Bolts .003 18 in. 6 pk.,,,
64324,,Black Eagle Executioner Bolts .001 20 in. 6 pk.,,,
64328,64328,Black Eagle Executioner Bolts .003 22 in. 6 pk.,Black Eagle Executioner Bolts,active,Out of stock
64325,64325,Black Eagle Executioner Bolts .001 22 in. 6 pk.,Black Eagle Executioner Bolts,active,Out of stock
DIA1289,DIA1289,Diamond Edge Sonar Bow Neptune LH,"Diamond Edge Sonar Bow
Neptune LH",active,Only 3 Left
DIA1288,DIA1288,Diamond Edge Sonar Bow Neptune RH,"Diamond Edge Sonar Bow
Neptune RH",active,"Estimated  in stock date  July 01, 2021"
69767,69767,Easton Full Metal Jacket Arrow Blazer Vanes 6 pk. | Easton Arrows,"Easton 5mm Full Metal Jacket Arrows
340 Blazer Vanes 6 pk.",active,"Estimated  in stock date  May 28, 2021"
69774,69774,Easton Axis Arrows Blazer Vanes 6 pk. | Easton Arrows,"Easton 5mm Axis Arrows
260 Blazer Vanes 6 pk.",active,Only 13 Left
64321,64321,Black Eagle Executioner Bolts - 6 pack,Black Eagle Executioner Bolts,active,Only 12 Left
64378,64378,Havalon Stag Knife,"Havalon Stag Knife
Black",active,"Estimated  in stock date  June 15, 2021"
DIA1288,DIA1288,Diamond Edge Sonar Bow,"Diamond Edge Sonar Bow
Neptune RH",active,"Estimated  in stock date  July 01, 2021"
85426,85426,Dead Center Stabilizer Silencer 3/4 in. 2pk.3,"Dead Center Stabilizer Silencer
Black 3/4 in. 2pk.",active,Only 2 Left
76039,76039,Easton Axis Traditional Arrows 5 in. Feathers 6 pk. | Easton Arrows,"Easton 5mm Axis Traditional Arrows
340 4 in. Feathers 6 pk.",active,Out of stock
